Workbook

Sheet Student Dataset
A1: Student ID | B1: Name | C1: Study Hours | D1: Screen Time | E1: Sleep Hours | F1: Social Media | G1: Attendance % | H1: Marks % | I1: Lifestyle Score | J1: Performance Category | K1: Lifestyle Category | L1: Attendance Status
A2: 1 | B2: Priya | C2: 6 | D2: 3 | E2: 8 | F2: 2 | G2: 90 | H2: 92 | I2: =(C2*10)+(E2*5)-(D2*5) -> 85 | J2: =IF(H2>=85,"Excellent",IF(H2>=70,"Good","Needs Improvement")) -> Excellent | K2: =IF(AND(C2>=5,D2<=4,E2>=7),"Balanced","Unbalanced") -> Balanced | L2: =IF(G2>=75,"Regular","Irregular") -> Regular
A3: 10 | B3: Meera | C3: 6 | D3: 3 | E3: 8 | F3: 2 | G3: 92 | H3: 91 | I3: =(C3*10)+(E3*5)-(D3*5) -> 85 | J3: =IF(H3>=85,"Excellent",IF(H3>=70,"Good","Needs Improvement")) -> Excellent | K3: =IF(AND(C3>=5,D3<=4,E3>=7),"Balanced","Unbalanced") -> Balanced | L3: =IF(G3>=75,"Regular","Irregular") -> Regular
A4: 7 | B4: Neha | C4: 6 | D4: 4 | E4: 7 | F4: 3 | G4: 91 | H4: 89 | I4: =(C4*10)+(E4*5)-(D4*5) -> 75 | J4: =IF(H4>=85,"Excellent",IF(H4>=70,"Good","Needs Improvement")) -> Excellent | K4: =IF(AND(C4>=5,D4<=4,E4>=7),"Balanced","Unbalanced") -> Balanced | L4: =IF(G4>=75,"Regular","Irregular") -> Regular
A5: 4 | B5: Simran | C5: 5 | D5: 4 | E5: 7 | F5: 3 | G5: 85 | H5: 88 | I5: =(C5*10)+(E5*5)-(D5*5) -> 65 | J5: =IF(H5>=85,"Excellent",IF(H5>=70,"Good","Needs Improvement")) -> Excellent | K5: =IF(AND(C5>=5,D5<=4,E5>=7),"Balanced","Unbalanced") -> Balanced | L5: =IF(G5>=75,"Regular","Irregular") -> Regular
A6: 6 | B6: Aditi | C6: 5 | D6: 3 | E6: 8 | F6: 2 | G6: 88 | H6: 85 | I6: =(C6*10)+(E6*5)-(D6*5) -> 75 | J6: =IF(H6>=85,"Excellent",IF(H6>=70,"Good","Needs Improvement")) -> Excellent | K6: =IF(AND(C6>=5,D6<=4,E6>=7),"Balanced","Unbalanced") -> Balanced | L6: =IF(G6>=75,"Regular","Irregular") -> Regular
A7: 13 | B7: Pooja | C7: 5 | D7: 4 | E7: 7 | F7: 3 | G7: 86 | H7: 82 | I7: =(C7*10)+(E7*5)-(D7*5) -> 65 | J7: =IF(H7>=85,"Excellent",IF(H7>=70,"Good","Needs Improvement")) -> Good | K7: =IF(AND(C7>=5,D7<=4,E7>=7),"Balanced","Unbalanced") -> Balanced | L7: =IF(G7>=75,"Regular","Irregular") -> Regular
A8: 9 | B8: Karan | C8: 5 | D8: 4 | E8: 7 | F8: 3 | G8: 82 | H8: 80 | I8: =(C8*10)+(E8*5)-(D8*5) -> 65 | J8: =IF(H8>=85,"Excellent",IF(H8>=70,"Good","Needs Improvement")) -> Good | K8: =IF(AND(C8>=5,D8<=4,E8>=7),"Balanced","Unbalanced") -> Balanced | L8: =IF(G8>=75,"Regular","Irregular") -> Regular
A9: 11 | B9: Tanya | C9: 5 | D9: 5 | E9: 7 | F9: 4 | G9: 84 | H9: 79 | I9: =(C9*10)+(E9*5)-(D9*5) -> 60 | J9: =IF(H9>=85,"Excellent",IF(H9>=70,"Good","Needs Improvement")) -> Good | K9: =IF(AND(C9>=5,D9<=4,E9>=7),"Balanced","Unbalanced") -> Unbalanced | L9: =IF(G9>=75,"Regular","Irregular") -> Regular
A10: 8 | B10: Arjun | C10: 4 | D10: 5 | E10: 6 | F10: 4 | G10: 78 | H10: 74 | I10: =(C10*10)+(E10*5)-(D10*5) -> 45 | J10: =IF(H10>=85,"Excellent",IF(H10>=70,"Good","Needs Improvement")) -> Good | K10: =IF(AND(C10>=5,D10<=4,E10>=7),"Balanced","Unbalanced") -> Unbalanced | L10: =IF(G10>=75,"Regular","Irregular") -> Regular
A11: 5 | B11: Aman | C11: 4 | D11: 6 | E11: 6 | F11: 5 | G11: 70 | H11: 69 | I11: =(C11*10)+(E11*5)-(D11*5) -> 40 | J11: =IF(H11>=85,"Excellent",IF(H11>=70,"Good","Needs Improvement")) -> Needs Improvement | K11: =IF(AND(C11>=5,D11<=4,E11>=7),"Balanced","Unbalanced") -> Unbalanced | L11: =IF(G11>=75,"Regular","Irregular") -> Irregular
A12: 12 | B12: Vikram | C12: 3 | D12: 6 | E12: 6 | F12: 5 | G12: 73 | H12: 67 | I12: =(C12*10)+(E12*5)-(D12*5) -> 30 | J12: =IF(H12>=85,"Excellent",IF(H12>=70,"Good","Needs Improvement")) -> Needs Improvement | K12: =IF(AND(C12>=5,D12<=4,E12>=7),"Balanced","Unbalanced") -> Unbalanced | L12: =IF(G12>=75,"Regular","Irregular") -> Irregular
A13: 3 | B13: Rahul | C13: 3 | D13: 6 | E13: 6 | F13: 4 | G13: 72 | H13: 65 | I13: =(C13*10)+(E13*5)-(D13*5) -> 30 | J13: =IF(H13>=85,"Excellent",IF(H13>=70,"Good","Needs Improvement")) -> Needs Improvement | K13: =IF(AND(C13>=5,D13<=4,E13>=7),"Balanced","Unbalanced") -> Unbalanced | L13: =IF(G13>=75,"Regular","Irregular") -> Irregular
A14: 2 | B14: Rohan | C14: 2 | D14: 7 | E14: 5 | F14: 5 | G14: 68 | H14: 60 | I14: =(C14*10)+(E14*5)-(D14*5) -> 10 | J14: =IF(H14>=85,"Excellent",IF(H14>=70,"Good","Needs Improvement")) -> Needs Improvement | K14: =IF(AND(C14>=5,D14<=4,E14>=7),"Balanced","Unbalanced") -> Unbalanced | L14: =IF(G14>=75,"Regular","Irregular") -> Irregular
G16: Top performer | H16: =INDEX(B2:B14,MATCH(MAX(H2:H14),H2:H14,0)) -> Priya
G17: Lowest performe | H17: =INDEX(B2:B14,MATCH(MIN(H2:H14),H2:H14,0)) -> Rohan
G18: Average Performer | H18: =AVERAGE(H2:H14) -> 78.538462
G19: Screen Time | H19: =COUNTIF(D2:D14,">5") -> 4
G20: Balanced Lifestyle Students | H20: =COUNTIF(K2:K14,"Balanced") -> 7
G21: Find Marks of a Student | H21: =VLOOKUP("Aditi",A2:H14,8,FALSE) -> #N/A
G22: Students Scoring Above 85 | H22: =COUNTIF(H2:H14,">85") -> 4
G23: Percentage | H23: =H2 -> 92

Sheet Queries
A1: Average Marks | B1: =AVERAGE('Student Dataset'!H2:H14) -> 78.538462
A2: Top Performer | B2: =INDEX('Student Dataset'!B2:B14,MATCH(MAX('Student Dataset'!H2:H14),'Student Dataset'!H2:H14,0)) -> Priya
A3: Lowest Performer | B3: =INDEX('Student Dataset'!B2:B14,MATCH(MIN('Student Dataset'!H2:H14),'Student Dataset'!H2:H14,0)) -> Rohan
A4: High Screen Time | B4: =COUNTIF('Student Dataset'!D2:D14,">5") -> 4
A5: Balanced Students | B5: =COUNTIF('Student Dataset'!K2:K14,"Balanced") -> 7
